App,Package,Start Time,Duration,Filename
"System",,"Jun 22, 2018 @ 10:12:51 AM","1 min 47 sec","Trepn_2018.06.22_101250.db"

Time  [ms],"Battery Status",Time  [ms],"Battery Power* [uW]",Time  [ms],"CPU1 Frequency [kHz]",Time  [ms],"CPU2 Frequency [kHz]",Time  [ms],"CPU1 Load [%]",Time  [ms],"CPU2 Load [%]",
1,1,1,209648,0,2295000,0,2295000,0,0,1,15,
25,1,102,614968,100,2295000,101,2295000,101,0,102,44,
102,1,202,281304,201,1938000,201,1938000,201,0,202,27,
202,1,304,76744,302,1530000,303,1530000,302,0,303,11,
304,1,402,153742,401,2295000,402,2295000,402,0,402,11,
402,1,503,377366,501,2295000,502,2295000,502,0,502,27,
503,1,603,139765,602,2295000,602,2295000,602,0,603,10,
603,1,703,153742,702,2295000,702,2295000,702,0,703,11,
703,1,803,139765,802,2295000,803,2295000,802,0,803,10,
803,1,904,419296,902,2295000,903,2295000,903,0,903,30,
904,1,1004,1397655,1003,2295000,1003,2295000,1003,0,1004,100,
1004,1,1108,1397655,1103,2295000,1104,2295000,1103,0,1108,100,
1108,1,1205,1397655,1204,2295000,1204,2295000,1204,0,1205,100,
1205,1,1305,1397655,1304,2295000,1304,2295000,1304,0,1305,100,
1305,1,1405,1397655,1404,2295000,1404,2295000,1404,0,1405,100,
1405,1,1505,1397655,1504,2295000,1505,2295000,1505,0,1505,100,
1505,1,1607,1397655,1605,2295000,1606,2295000,1606,0,1607,100,
1607,1,1707,1397655,1706,2295000,1706,2295000,1706,0,1707,100,
1707,1,1807,1397655,1806,2295000,1806,2295000,1806,0,1807,100,
1807,1,1908,1397655,1907,2295000,1907,2295000,1907,0,1908,100,
1908,1,2008,1118124,2007,2295000,2008,2295000,2007,0,2008,80,
2008,1,2114,1076194,2113,2295000,2114,2295000,2113,0,2114,77,
2114,1,2214,1397655,2213,2295000,2214,2295000,2214,0,2214,100,
2214,1,2315,614968,2314,2295000,2314,2295000,2314,0,2315,44,
2315,1,2415,279531,2414,2295000,2415,2295000,2414,0,2415,20,
2415,1,2517,251164,2515,1530000,2516,1530000,2515,0,2517,36,
2517,1,2620,32130,2616,510000,2618,510000,2617,0,2620,25,
2620,1,2722,14137,2717,510000,2719,510000,2718,0,2722,11,
2722,1,2818,174420,2817,1530000,2817,1530000,2817,0,2818,25,
2819,1,2926,25704,2919,510000,2923,510000,2922,0,2926,20,
2927,1,3037,39715,3019,561000,3029,561000,3021,0,3036,27,
3037,1,3121,76744,3119,1530000,3120,1530000,3120,0,3121,11,
3121,1,3224,0,3220,535500,3222,535500,3221,0,3224,0,
3224,1,3325,0,3321,535500,3322,535500,3322,0,3324,0,
3325,1,3428,34700,3423,510000,3425,510000,3424,0,3428,27,
3428,1,3524,97675,3523,1530000,3524,1530000,3523,0,3524,14,
3524,1,3629,38556,3624,510000,3626,510000,3625,0,3629,30,
3629,1,3730,37172,3725,535500,3727,535500,3726,0,3729,27,
3730,1,3827,188373,3825,1530000,3826,1530000,3826,0,3827,27,
3827,1,3927,85462,3926,1836000,3926,1836000,3926,0,3927,9,
3927,1,4027,0,4026,2295000,4027,2295000,4026,0,4027,0,
4027,1,4128,0,4127,2295000,4127,2295000,4127,0,4128,0,
4128,1,4232,25704,4228,510000,4230,510000,4229,0,4232,20,
4232,1,4330,139536,4328,1530000,4329,1530000,4329,0,4330,20,
4330,1,4433,12852,4429,510000,4431,510000,4430,0,4433,10,
4434,1,4532,209303,4529,1530000,4530,1530000,4530,0,4532,30,
4532,1,4634,0,4630,510000,4632,510000,4631,0,4634,0,
4634,1,4731,0,4730,1530000,4730,1530000,4730,0,4731,0,
4731,1,4834,0,4831,637500,4832,637500,4832,0,4834,0,
4834,1,4938,25704,4932,510000,4934,510000,4933,0,4938,20,
4939,1,5037,23133,5033,510000,5034,510000,5034,0,5037,18,
5038,1,5138,29418,5134,561000,5135,561000,5134,0,5138,20,
5138,1,5238,45433,5234,535500,5236,535500,5235,0,5238,33,
5238,1,5339,34700,5335,510000,5337,510000,5336,0,5339,27,
5339,1,5443,12852,5436,510000,5438,510000,5437,0,5442,10,
5444,1,5539,279072,5537,1530000,5537,1530000,5537,0,5539,40,
5539,1,5638,0,5636,1530000,5637,1530000,5637,0,5638,0,
5638,1,5742,28274,5738,510000,5740,510000,5739,0,5742,22,
5742,1,5842,19459,5839,637500,5840,637500,5839,0,5842,11,
5842,1,5948,12852,5939,510000,5942,510000,5941,0,5947,10,
5949,1,6045,25704,6040,510000,6042,510000,6041,0,6044,20,
6045,1,6145,45433,6141,535500,6142,535500,6142,0,6145,33,
6152,1,6242,76744,6240,1530000,6241,1530000,6241,0,6242,11,
6242,1,6347,0,6342,510000,6343,510000,6343,0,6346,0,
6347,1,6458,64260,6444,510000,6445,510000,6445,0,6457,50,
6458,1,6544,279072,6543,1530000,6543,1530000,6543,0,6544,40,
6544,1,6648,15144,6644,535500,6645,535500,6644,0,6647,11,
6648,1,6750,12852,6744,510000,6746,510000,6745,0,6749,10,
6750,1,6845,69768,6844,1530000,6844,1530000,6844,0,6845,10,
6845,1,6955,11566,6947,510000,6951,510000,6950,0,6954,9,
6955,1,7051,0,7046,510000,7048,510000,7047,0,7051,0,
7051,1,7151,12852,7147,510000,7149,510000,7148,0,7151,10,
7152,1,7251,0,7248,510000,7249,510000,7248,0,7251,0,
7251,1,7349,0,7348,1530000,7348,1530000,7348,0,7349,0,
7349,1,7454,174420,7449,1530000,7451,1530000,7450,0,7453,25,
7454,1,7550,209303,7549,1530000,7549,1530000,7549,0,7550,30,
7550,1,7658,20563,7650,510000,7652,510000,7651,0,7657,16,
7659,1,7754,44226,7750,637500,7751,637500,7751,0,7754,25,
7754,1,7855,27535,7851,535500,7852,535500,7852,0,7855,20,
7855,1,7952,139536,7951,1530000,7952,1530000,7951,0,7952,20,
7953,1,8059,32130,8052,510000,8054,510000,8053,0,8057,25,
8062,1,8153,153489,8152,1530000,8152,1530000,8152,0,8153,22,
8153,1,8257,16180,8253,561000,8255,561000,8254,0,8257,11,
8257,1,8360,24781,8354,535500,8357,535500,8356,0,8360,18,
8360,1,8462,14137,8455,510000,8460,510000,8456,0,8462,11,
8462,1,8556,153489,8555,1530000,8555,1530000,8555,0,8556,22,
8556,1,8660,42411,8656,510000,8658,510000,8657,0,8660,33,
8660,1,8760,25704,8757,510000,8758,510000,8758,0,8760,20,
8762,1,8861,14137,8857,510000,8858,510000,8858,0,8860,11,
8861,1,8961,35381,8958,637500,8959,637500,8958,0,8961,20,
8962,1,9059,709939,9058,2193000,9058,2193000,9058,0,9059,55,
9059,1,9159,0,9158,1530000,9159,1530000,9158,0,9159,0,
9159,1,9263,32130,9259,510000,9260,510000,9260,0,9263,25,
9263,1,9364,12852,9360,510000,9361,510000,9360,0,9363,10,
9364,1,9464,0,9460,637500,9462,637500,9461,0,9464,0,
9464,1,9561,174420,9560,1530000,9560,1530000,9560,0,9561,25,
9561,1,9662,62791,9661,1530000,9661,1530000,9661,0,9662,9,
9662,1,9762,0,9761,1530000,9762,1530000,9761,0,9762,0,
9762,1,9867,13238,9862,561000,9864,561000,9863,0,9867,9,
9868,1,9963,0,9962,1530000,9963,1530000,9962,0,9963,0,
9963,1,10064,69768,10063,1530000,10063,1530000,10063,0,10064,10,
10064,1,10168,12852,10164,510000,10165,510000,10165,0,10168,10,
10169,1,10268,14137,10264,510000,10266,510000,10265,0,10268,11,
10268,1,10369,12852,10365,510000,10367,510000,10366,0,10369,10,
10369,1,10470,31354,10466,586500,10468,586500,10467,0,10470,20,
10470,1,10567,251164,10566,1530000,10566,1530000,10566,0,10567,36,
10567,1,10669,0,10667,1530000,10667,1530000,10667,0,10669,0,
10669,1,10770,11566,10767,510000,10768,510000,10768,0,10770,9,
10771,1,10872,0,10868,637500,10869,637500,10869,0,10871,0,
10872,1,10972,0,10968,510000,10970,510000,10969,0,10972,0,
10972,1,11073,62708,11069,586500,11070,586500,11070,0,11072,40,
11073,1,11173,0,11170,561000,11171,561000,11170,0,11173,0,
11173,1,11274,0,11270,510000,11272,510000,11271,0,11274,0,
11274,1,11372,0,11371,1530000,11371,1530000,11371,0,11372,0,
11372,1,11475,12852,11472,510000,11473,510000,11473,0,11475,10,
11476,1,11579,68989,11572,714000,11574,714000,11573,0,11579,33,
11579,1,11676,0,11673,510000,11674,510000,11673,0,11676,0,
11676,1,11774,62791,11773,1530000,11774,1530000,11773,0,11774,9,
11774,1,11878,13767,11874,535500,11876,535500,11875,0,11878,10,
11878,1,11979,11566,11975,510000,11977,510000,11976,0,11979,9,
11979,1,12080,69768,12076,1530000,12077,1530000,12077,0,12078,10,
12081,1,12181,0,12177,561000,12179,561000,12178,0,12181,0,
12181,1,12282,0,12278,586500,12279,586500,12279,0,12281,0,
12282,1,12383,34700,12379,510000,12380,510000,12380,0,12383,27,
12383,1,12481,188373,12479,1530000,12479,1530000,12479,0,12481,27,
12481,1,12581,153489,12579,1530000,12580,1530000,12579,0,12581,22,
12581,1,12681,69768,12679,1530000,12680,1530000,12679,0,12680,10,
12681,1,12781,0,12780,1530000,12780,1530000,12780,0,12781,0,
12781,1,12887,24781,12882,535500,12884,535500,12883,0,12887,18,
12887,1,12986,139536,12983,1530000,12984,1530000,12984,0,12985,20,
12986,1,13089,27535,13083,535500,13085,535500,13084,0,13089,20,
13089,1,13187,26476,13183,561000,13185,561000,13184,0,13187,18,
13187,1,13288,16180,13284,561000,13286,561000,13285,0,13288,11,
13289,1,13386,139536,13384,1530000,13385,1530000,13385,0,13386,20,
13386,1,13490,188373,13488,1530000,13489,1530000,13488,0,13490,27,
13490,1,13593,12852,13587,510000,13589,510000,13588,0,13592,10,
13593,1,13688,76744,13687,1530000,13687,1530000,13687,0,13688,11,
13688,1,13793,29418,13789,561000,13790,561000,13790,0,13793,20,
13793,1,13890,76744,13888,1530000,13889,1530000,13889,0,13890,11,
13890,1,13990,111628,13989,1530000,13989,1530000,13989,0,13990,16,
13990,1,14092,0,14089,867000,14090,867000,14089,0,14091,0,
14092,1,14193,12852,14190,510000,14191,510000,14190,0,14193,10,
14193,1,14295,12852,14291,510000,14292,510000,14292,0,14294,10,
14295,1,14395,12852,14391,510000,14393,510000,14392,0,14395,10,
14395,1,14528,369770,14506,586500,14522,1530000,14508,0,14528,53,
14529,1,14596,132941,14595,1836000,14595,1836000,14595,0,14596,14,
14596,1,14700,12390,14696,535500,14698,535500,14697,0,14700,9,
14701,1,14750,25704,14747,510000,14748,510000,14748,0,14750,20,
14751,1,14852,49563,14848,535500,14849,535500,14849,0,14851,36,
14852,1,14951,28274,14948,510000,14949,510000,14948,0,14951,22,
14951,1,15052,14137,15048,510000,15050,510000,15049,0,15052,11,
15052,1,15152,14137,15149,510000,15150,510000,15149,0,15152,11,
15152,1,15254,0,15250,510000,15251,510000,15251,0,15253,0,
15254,1,15354,0,15350,510000,15352,510000,15351,0,15354,0,
15354,1,15454,0,15451,637500,15452,637500,15451,0,15454,0,
15454,1,15552,230234,15551,1530000,15551,1530000,15551,0,15552,33,
15552,1,15656,35381,15652,637500,15653,637500,15653,0,15655,20,
15656,1,15757,34700,15753,510000,15754,510000,15754,0,15757,27,
15757,1,15857,0,15853,1530000,15856,1530000,15856,0,15857,0,
15857,1,15955,103374,15953,1734000,15954,1734000,15954,0,15954,12,
15955,1,16060,38556,16055,510000,16057,510000,16056,0,16059,30,
16060,1,16159,14137,16155,510000,16157,510000,16156,0,16159,11,
16159,1,16260,25704,16256,510000,16258,510000,16257,0,16260,20,
16260,1,16360,31843,16357,637500,16358,637500,16357,0,16360,18,
16360,1,16461,0,16457,561000,16459,561000,16458,0,16461,0,
16461,1,16560,209303,16558,1530000,16559,1530000,16559,0,16560,30,
16560,1,16663,0,16659,586500,16660,586500,16659,0,16662,0,
16663,1,16760,69768,16758,1530000,16759,1530000,16759,0,16760,10,
16760,1,16861,0,16859,1530000,16860,1530000,16859,0,16860,0,
16861,1,16961,0,16959,1530000,16960,1530000,16960,0,16961,0,
16961,1,17065,31843,17061,637500,17062,637500,17062,0,17064,18,
17065,1,17164,17690,17161,637500,17162,637500,17162,0,17164,10,
17164,1,17266,0,17262,510000,17263,510000,17263,0,17266,0,
17267,1,17364,69768,17362,1530000,17363,1530000,17363,0,17364,10,
17364,1,17467,26476,17464,561000,17465,561000,17464,0,17467,18,
17468,1,17565,76744,17564,1530000,17565,1530000,17564,0,17565,11,
17565,1,17667,125582,17665,1530000,17666,1530000,17665,0,17667,18,
17667,1,17771,11566,17766,510000,17768,510000,17767,0,17771,9,
17772,1,17869,32130,17866,510000,17867,510000,17867,0,17869,25,
17870,1,17971,0,17967,510000,17969,510000,17968,0,17971,0,
17971,1,18070,0,18068,1530000,18068,1530000,18068,0,18070,0,
18070,1,18173,0,18169,637500,18170,637500,18170,0,18172,0,
18173,1,18275,23133,18270,510000,18272,510000,18271,0,18275,18,
18275,1,18371,0,18369,1530000,18370,1530000,18369,0,18370,0,
18371,1,18471,0,18470,1530000,18470,1530000,18470,0,18471,0,
18471,1,18572,69768,18571,1530000,18571,1530000,18571,0,18572,10,
18572,1,18675,0,18672,510000,18673,510000,18672,0,18675,0,
18675,1,18778,32130,18773,510000,18775,510000,18774,0,18777,25,
18778,1,18880,12852,18874,510000,18876,510000,18875,0,18879,10,
18880,1,18975,0,18974,1530000,18974,1530000,18974,0,18975,0,
18975,1,19076,62791,19075,1530000,19075,1530000,19075,0,19076,9,
19076,1,19179,17690,19176,637500,19177,637500,19177,0,19179,10,
19179,1,19281,12852,19277,510000,19278,510000,19278,0,19281,10,
19281,1,19380,0,19377,510000,19378,510000,19378,0,19380,0,
19380,1,19502,0,19478,510000,19480,510000,19479,0,19501,0,
19502,1,19579,153489,19578,1530000,19578,1530000,19578,0,19579,22,
19579,1,19678,129079,19678,2193000,19678,2193000,19678,0,19678,10,
19679,1,19782,12852,19779,510000,19780,510000,19779,0,19782,10,
19782,1,19880,0,19878,1530000,19879,1530000,19879,0,19880,0,
19880,1,19983,0,19980,561000,19981,561000,19980,0,19983,0,
19983,1,20084,15422,20080,510000,20082,510000,20081,0,20084,12,
20084,1,20184,230234,20180,1530000,20181,1530000,20181,0,20183,33,
20184,1,20283,310993,20281,1632000,20282,1632000,20282,0,20283,40,
20283,1,20385,558144,20382,1530000,20383,1530000,20383,0,20385,80,
20385,1,20490,1271866,20486,2295000,20488,2295000,20487,0,20489,91,
20490,1,20587,1076194,20586,2295000,20586,2295000,20586,0,20587,77,
20587,1,20693,0,20688,637500,20690,637500,20690,0,20693,0,
20694,1,20791,0,20787,1530000,20789,510000,20788,0,20791,0,
20792,1,20889,0,20887,1530000,20888,1530000,20887,0,20889,0,
20889,1,20989,0,20987,1530000,20988,1530000,20988,0,20989,0,
20989,1,21094,0,21089,510000,21091,510000,21090,0,21094,0,
21095,1,21196,19459,21190,637500,21192,637500,21191,0,21195,11,
21197,1,21298,105907,21292,561000,21295,561000,21294,0,21297,72,
21298,1,21395,425963,21393,2193000,21394,2193000,21393,0,21395,33,
21395,1,21496,614968,21494,2295000,21494,2295000,21494,0,21495,44,
21496,1,21595,279531,21594,2295000,21594,2295000,21594,0,21595,20,
21595,1,21695,0,21694,2295000,21694,2295000,21694,0,21695,0,
21695,1,21795,279531,21794,2295000,21794,2295000,21794,0,21795,20,
21795,1,21897,1397655,21896,2295000,21896,2295000,21896,0,21897,100,
21897,1,21997,1397655,21996,2295000,21997,2295000,21996,0,21997,100,
21997,1,22098,1397655,22096,2295000,22097,2295000,22097,0,22098,100,
22098,1,22198,1397655,22197,2295000,22197,2295000,22197,0,22198,100,
22198,1,22299,1397655,22297,2295000,22298,2295000,22298,0,22299,100,
22299,1,22398,754733,22397,2295000,22398,2295000,22398,0,22398,54,
22398,1,22499,880522,22497,2295000,22498,2295000,22498,0,22498,63,
22499,1,22599,349413,22598,2295000,22598,2295000,22598,0,22599,25,
22599,1,22699,768710,22698,2295000,22698,2295000,22698,0,22699,55,
22699,1,22799,978358,22798,2295000,22799,2295000,22798,0,22799,70,
22799,1,22900,1257889,22898,2295000,22899,2295000,22899,0,22899,90,
22900,1,23000,349413,22999,2295000,22999,2295000,22999,0,23000,25,
23000,1,23100,0,23099,2295000,23099,2295000,23099,0,23100,0,
23100,1,23200,419296,23199,2295000,23199,2295000,23199,0,23200,30,
23200,1,23300,279531,23299,2295000,23300,2295000,23300,0,23300,20,
23300,1,23401,1257889,23399,2295000,23400,2295000,23400,0,23400,90,
23401,1,23501,978358,23500,2295000,23500,2295000,23500,0,23501,70,
23501,1,23601,1397655,23600,2295000,23600,2295000,23600,0,23601,100,
23601,1,23701,559062,23700,2295000,23700,2295000,23700,0,23701,40,
23701,1,23801,768710,23800,2295000,23801,2295000,23801,0,23801,55,
23801,1,23902,0,23901,2295000,23901,2295000,23901,0,23902,0,
23902,1,24006,306979,24001,1530000,24002,1530000,24002,0,24006,44,
24006,1,24114,60308,24102,561000,24104,561000,24103,0,24114,41,
24114,1,24203,383724,24202,1530000,24202,1530000,24202,0,24203,55,
24203,1,24318,64276,24304,586500,24309,586500,24307,0,24317,41,
24320,1,24406,0,24403,1530000,24405,1530000,24404,0,24406,0,
24406,1,24505,320932,24504,1530000,24504,1530000,24504,0,24505,46,
24505,1,24614,67450,24605,663000,24607,663000,24606,0,24614,36,
24614,1,24712,66683,24706,612000,24708,612000,24707,0,24711,40,
24712,1,24807,251164,24806,1530000,24806,1530000,24806,0,24807,36,
24807,1,24909,320932,24907,1530000,24908,1530000,24908,0,24909,46,
24909,1,25012,25087,25007,714000,25009,714000,25009,0,25011,12,
25012,1,25109,153489,25107,1530000,25108,1530000,25108,0,25109,22,
25109,1,25210,279072,25208,1530000,25209,1530000,25209,0,25210,40,
25210,1,25321,70762,25312,637500,25314,637500,25313,0,25320,40,
25321,1,25413,76744,25411,1530000,25412,1530000,25412,0,25413,11,
25413,1,25517,488375,25512,1530000,25515,1530000,25514,0,25517,70,
25517,1,25613,209303,25612,1530000,25613,1530000,25612,0,25613,30,
25613,1,25722,77838,25715,510000,25717,637500,25717,0,25720,44,
25723,1,25827,106963,25817,688500,25822,688500,25818,0,25827,54,
25828,1,25919,230234,25917,1530000,25918,1530000,25918,0,25919,33,
25919,1,26026,32360,26018,561000,26021,561000,26019,0,26025,22,
26027,1,26119,153489,26117,1530000,26118,1530000,26118,0,26119,22,
26119,1,26223,79607,26219,637500,26221,637500,26220,0,26223,45,
26224,1,26323,348840,26320,1530000,26321,1530000,26321,0,26323,50,
26323,1,26423,53481,26420,688500,26421,688500,26421,0,26423,27,
26423,1,26523,432561,26521,1530000,26522,1530000,26522,0,26523,62,
26523,1,26632,34700,26622,510000,26628,510000,26624,0,26632,27,
26633,1,26723,230234,26721,1530000,26722,1530000,26722,0,26723,33,
26723,1,26840,88453,26823,637500,26828,637500,26824,0,26838,50,
26841,1,26924,153489,26923,1530000,26923,1530000,26923,0,26924,22,
26924,1,27024,251164,27023,1530000,27023,1530000,27023,0,27024,36,
27024,1,27135,45433,27128,535500,27132,535500,27131,0,27135,33,
27139,1,27227,286048,27224,1530000,27225,1530000,27224,0,27226,41,
27227,1,27333,0,27325,663000,27330,663000,27329,0,27333,0,
27334,1,27441,46267,27428,510000,27436,510000,27431,0,27440,36,
27444,1,27530,230234,27527,1530000,27528,1530000,27528,0,27530,33,
27530,1,27631,46359,27628,765000,27629,765000,27629,0,27631,20,
27631,1,27736,88453,27730,637500,27732,637500,27732,0,27736,50,
27739,1,27841,106143,27831,586500,27837,637500,27832,0,27841,60,
27842,1,27932,153489,27931,1530000,27931,1530000,27931,0,27932,22,
27932,1,28032,174420,28031,1530000,28031,1530000,28031,0,28032,25,
28032,1,28134,286048,28132,1530000,28133,1530000,28132,0,28134,41,
28134,1,28235,153489,28232,1530000,28234,1530000,28232,0,28235,22,
28235,1,28334,279072,28332,1530000,28333,1530000,28333,0,28334,40,
28334,1,28434,209303,28433,1530000,28434,1530000,28433,0,28434,30,
28435,1,28535,279072,28533,1530000,28534,1530000,28534,0,28535,40,
28535,1,28638,38556,28634,510000,28636,510000,28635,0,28638,30,
28638,1,28737,251164,28735,1530000,28736,1530000,28735,0,28737,36,
28737,1,28842,53071,28837,637500,28839,637500,28838,0,28841,30,
28842,1,28941,251164,28939,1530000,28940,1530000,28939,0,28941,36,
28941,1,29042,0,29040,1530000,29040,1530000,29040,0,29042,0,
29042,1,29140,153489,29139,1530000,29139,1530000,29139,0,29140,22,
29140,1,29253,63686,29240,637500,29248,637500,29242,0,29252,36,
29253,1,29347,79232,29340,688500,29342,688500,29341,0,29346,40,
29347,1,29449,369770,29441,1530000,29447,1530000,29447,0,29449,53,
29450,1,29543,417814,29541,1836000,29542,1836000,29542,0,29543,44,
29544,1,29649,79607,29642,637500,29644,637500,29643,0,29649,45,
29650,1,29750,88453,29744,637500,29746,637500,29745,0,29749,50,
29750,1,29857,72531,29847,637500,29852,637500,29850,0,29855,41,
29857,1,29949,209303,29944,1530000,29945,1530000,29944,0,29949,30,
29949,1,30053,70762,30044,637500,30047,637500,30045,0,30052,40,
30053,1,30158,90927,30146,586500,30153,586500,30149,0,30157,58,
30158,1,30247,153489,30245,1530000,30246,1530000,30246,0,30247,22,
30247,1,30350,286048,30346,1530000,30348,1530000,30347,0,30350,41,
30350,1,30458,51408,30452,510000,30455,510000,30454,0,30458,40,
30458,1,30550,460468,30548,1530000,30549,1530000,30548,0,30550,66,
30550,1,30659,48541,30650,561000,30653,561000,30652,0,30655,33,
30659,1,30753,139077,30750,765000,30751,765000,30751,0,30753,60,
30753,1,30863,83354,30851,612000,30853,612000,30852,0,30861,50,
30864,1,30968,78385,30954,586500,30957,586500,30955,0,30965,50,
30970,1,31053,306979,31051,1530000,31052,1530000,31052,0,31053,44,
31053,1,31160,102605,31152,637500,31154,637500,31154,0,31159,58,
31160,1,31272,56447,31253,510000,31263,535500,31255,0,31271,41,
31272,1,31355,258141,31354,1530000,31354,1530000,31354,0,31355,37,
31355,1,31476,47031,31458,586500,31471,586500,31462,0,31476,30,
31477,1,31559,731175,31558,1836000,31559,1836000,31558,0,31559,77,
31559,1,31659,880522,31658,2295000,31659,2295000,31659,0,31659,63,
31659,1,31762,39715,31759,561000,31760,561000,31760,0,31762,27,
31762,1,31861,153489,31860,1530000,31860,1530000,31860,0,31861,22,
31861,1,31965,102605,31961,637500,31963,637500,31962,0,31965,58,
31965,1,32077,95529,32067,637500,32070,637500,32069,0,32077,54,
32077,1,32115,348840,32112,1530000,32113,1530000,32113,0,32114,50,
32115,1,32228,139536,32215,510000,32226,1530000,32219,0,32228,20,
32228,1,32316,310993,32315,1632000,32315,1632000,32315,0,32316,40,
32316,1,32422,42328,32417,586500,32419,586500,32418,0,32422,27,
32422,1,32571,607730,32569,1836000,32570,1836000,32569,0,32571,64,
32571,1,32677,79607,32672,637500,32673,637500,32673,0,32676,45,
32677,1,32723,558144,32721,1530000,32722,1530000,32722,0,32723,80,
32723,1,32822,679428,32821,2014500,32821,2014500,32821,0,32822,61,
32823,1,32922,698827,32921,2295000,32921,2295000,32921,0,32922,50,
32922,1,33023,139536,33021,1530000,33021,1530000,33021,0,33023,20,
33024,1,33123,36645,33121,969000,33122,969000,33122,0,33123,11,
33124,1,33233,63686,33222,637500,33223,637500,33223,0,33232,36,
33233,1,33323,348840,33322,1530000,33322,1530000,33322,0,33323,50,
33323,1,33437,48541,33425,561000,33429,561000,33427,0,33437,33,
33438,1,33529,439538,33526,1530000,33527,1530000,33527,0,33529,63,
33530,1,33627,284873,33625,1836000,33626,1836000,33626,0,33627,30,
33627,1,33728,209303,33725,1530000,33727,1530000,33726,0,33728,30,
33728,1,33827,139536,33825,1530000,33826,1530000,33826,0,33827,20,
33827,1,33928,153489,33926,1530000,33927,1530000,33927,0,33928,22,
33928,1,34033,28218,34028,586500,34029,586500,34029,0,34032,18,
34033,1,34135,97298,34130,637500,34132,637500,34131,0,34134,55,
34135,1,34237,65455,34230,637500,34232,637500,34231,0,34236,37,
34237,1,34340,79607,34332,637500,34334,637500,34333,0,34338,45,
34343,1,34434,230234,34432,1530000,34433,1530000,34432,0,34433,33,
34434,1,34539,348840,34537,1530000,34538,1530000,34538,0,34539,50,
34539,1,34642,47031,34638,586500,34640,586500,34639,0,34642,30,
34642,1,34743,29268,34740,714000,34741,714000,34741,0,34743,14,
34743,1,34842,209303,34840,1530000,34841,1530000,34841,0,34842,30,
34842,1,34949,34700,34941,510000,34946,510000,34942,0,34949,27,
34949,1,35042,153489,35041,1530000,35041,1530000,35041,0,35042,22,
35042,1,35146,75018,35142,612000,35143,612000,35142,0,35146,45,
35146,1,35249,62708,35242,586500,35244,586500,35243,0,35249,40,
35249,1,35346,188373,35342,1530000,35342,1530000,35342,0,35346,27,
35346,1,35450,70762,35443,637500,35444,637500,35444,0,35450,40,
35450,1,35549,769159,35547,1836000,35548,1836000,35548,0,35549,81,
35549,1,35647,170924,35646,1836000,35646,1836000,35646,0,35647,18,
35647,1,35751,25704,35747,510000,35749,510000,35748,0,35751,20,
35752,1,35850,279072,35849,1530000,35849,1530000,35849,0,35850,40,
35850,1,35952,138625,35951,1122000,35951,1122000,35951,0,35952,33,
35952,1,36062,25704,36052,510000,36054,510000,36053,0,36060,20,
36063,1,36153,230234,36151,1530000,36152,1530000,36152,0,36153,33,
36153,1,36253,153489,36252,1530000,36252,1530000,36252,0,36253,22,
36253,1,36360,39192,36353,586500,36354,586500,36354,0,36360,25,
36361,1,36463,86224,36454,586500,36455,586500,36455,0,36463,55,
36469,1,36556,683697,36554,1836000,36555,1836000,36554,0,36556,72,
36556,1,36667,53071,36657,637500,36659,637500,36658,0,36666,30,
36667,1,36758,109598,36755,790500,36756,790500,36756,0,36758,45,
36758,1,36861,56437,36856,586500,36858,586500,36857,0,36860,36,
36861,1,36957,188373,36956,1530000,36957,1530000,36956,0,36957,27,
36958,1,37058,69768,37056,1530000,37057,1530000,37056,0,37058,10,
37058,1,37163,34700,37158,510000,37160,510000,37159,0,37163,27,
37163,1,37259,230234,37258,1530000,37258,1530000,37258,0,37259,33,
37259,1,37361,209303,37359,1530000,37360,1530000,37359,0,37361,30,
37361,1,37465,25704,37460,510000,37461,510000,37460,0,37465,20,
37465,1,37561,376747,37559,1530000,37560,1530000,37560,0,37561,54,
37561,1,37665,209303,37660,1530000,37661,1530000,37661,0,37664,30,
37665,1,37771,125582,37761,510000,37768,1530000,37763,0,37770,18,
37771,1,37863,76744,37861,1530000,37862,1530000,37861,0,37862,11,
37863,1,37966,58379,37962,637500,37963,637500,37963,0,37966,33,
37967,1,38070,313955,38064,510000,38068,1530000,38067,0,38070,45,
38072,1,38164,153489,38163,1530000,38163,1530000,38163,0,38164,22,
38164,1,38271,81376,38264,637500,38268,637500,38266,0,38271,46,
38272,1,38372,306979,38366,1530000,38369,1530000,38367,0,38371,44,
38372,1,38467,111628,38466,1530000,38466,1530000,38466,0,38467,16,
38468,1,38568,153489,38566,1530000,38567,1530000,38567,0,38568,22,
38568,1,38675,62708,38669,586500,38672,586500,38671,0,38674,40,
38675,1,38779,77838,38768,637500,38775,637500,38771,0,38778,44,
38782,1,38869,279072,38868,1530000,38868,1530000,38868,0,38869,40,
38869,1,38973,63686,38969,637500,38971,637500,38970,0,38973,36,
38973,1,39081,39192,39071,586500,39074,586500,39073,0,39080,25,
39082,1,39174,495352,39170,1530000,39172,1530000,39172,0,39174,71,
39174,1,39272,573027,39270,1938000,39271,1938000,39271,0,39272,55,
39272,1,39379,36675,39372,612000,39373,612000,39372,0,39378,22,
39380,1,39511,68838,39476,535500,39482,535500,39480,0,39506,50,
39511,1,39573,313361,39572,1836000,39572,1836000,39572,0,39573,33,
39573,1,39681,81376,39676,637500,39679,637500,39678,0,39681,46,
39681,1,39788,58379,39777,637500,39782,637500,39781,0,39788,33,
39789,1,39879,153489,39877,1530000,39878,1530000,39877,0,39879,22,
39879,1,39991,55070,39980,535500,39987,535500,39982,0,39991,40,
39992,1,40088,72531,40080,637500,40081,637500,40081,0,40087,41,
40089,1,40193,74541,40181,510000,40184,510000,40182,0,40192,58,
40200,1,40282,383724,40280,1530000,40281,1530000,40281,0,40282,55,
40282,1,40389,81376,40381,637500,40386,637500,40385,0,40389,46,
40389,1,40502,89727,40482,561000,40483,561000,40483,0,40501,61,
40502,1,40583,174420,40582,1530000,40582,1530000,40582,0,40583,25,
40583,1,40685,209303,40682,1530000,40683,1530000,40683,0,40685,30,
40685,1,40785,83721,40783,1530000,40784,1530000,40784,0,40785,12,
40785,1,40885,209303,40884,1530000,40885,1530000,40884,0,40885,30,
40886,1,40993,88453,40986,637500,40989,637500,40989,0,40993,50,
40993,1,41090,313955,41087,510000,41089,1530000,41088,0,41090,45,
41090,1,41187,209303,41185,1530000,41186,1530000,41186,0,41187,30,
41187,1,41287,125582,41286,1530000,41286,1530000,41286,0,41287,18,
41287,1,41395,47764,41387,637500,41392,637500,41391,0,41395,27,
41395,1,41502,488375,41492,1530000,41499,1530000,41494,0,41501,70,
41502,1,41589,417814,41588,1836000,41588,1836000,41588,0,41589,44,
41589,1,41692,12852,41688,510000,41690,510000,41689,0,41692,10,
41692,1,41794,89359,41790,586500,41791,586500,41791,0,41794,57,
41795,1,41904,66192,41891,561000,41894,561000,41893,0,41901,45,
41905,1,41996,102605,41991,637500,41993,637500,41993,0,41995,58,
41996,1,42092,286048,42091,1530000,42092,1530000,42091,0,42092,41,
42092,1,42193,286048,42192,1530000,42192,1530000,42192,0,42193,41,
42193,1,42295,61248,42293,918000,42294,918000,42293,0,42295,20,
42295,1,42407,72531,42397,637500,42400,637500,42399,0,42407,41,
42407,1,42497,279072,42493,1530000,42495,1530000,42493,0,42497,40,
42497,1,42598,106547,42594,867000,42595,867000,42595,0,42598,38,
42599,1,42701,102605,42696,637500,42698,637500,42697,0,42700,58,
42701,1,42807,52693,42798,510000,42801,510000,42800,0,42806,41,
42808,1,42902,110148,42899,739500,42900,739500,42899,0,42901,50,
42902,1,43004,63686,42999,637500,43001,637500,43000,0,43004,36,
43005,1,43101,251164,43099,1530000,43100,1530000,43100,0,43101,36,
43101,1,43201,76744,43200,1530000,43200,1530000,43200,0,43201,11,
43201,1,43304,47764,43301,637500,43302,637500,43302,0,43304,27,
43309,1,43402,286048,43401,1530000,43401,1530000,43401,0,43402,41,
43402,1,43516,52953,43502,561000,43504,561000,43503,0,43513,36,
43517,1,43611,45433,43602,535500,43607,535500,43603,0,43611,33,
43617,1,43713,95529,43703,637500,43709,637500,43704,0,43712,54,
43713,1,43814,72531,43806,637500,43810,637500,43807,0,43814,41,
43815,1,43907,251164,43906,1530000,43906,1530000,43906,0,43907,36,
43907,1,44010,11566,44007,510000,44008,510000,44007,0,44010,9,
44011,1,44109,97675,44107,1530000,44108,1530000,44108,0,44109,14,
44109,1,44209,230234,44207,1530000,44208,1530000,44208,0,44209,33,
44209,1,44313,38919,44309,637500,44311,637500,44310,0,44313,22,
44314,1,44416,38556,44410,510000,44411,510000,44411,0,44415,30,
44418,1,44510,306979,44509,1530000,44509,1530000,44509,0,44510,44,
44510,1,44614,35381,44610,637500,44612,637500,44612,0,44614,20,
44615,1,44720,88453,44711,637500,44715,637500,44712,0,44719,50,
44720,1,44765,44226,44762,637500,44763,637500,44762,0,44765,25,
44765,1,44865,174420,44862,1530000,44863,1530000,44862,0,44865,25,
44865,1,44963,230234,44962,1530000,44962,1530000,44962,0,44963,33,
44963,1,45073,73547,45063,561000,45066,561000,45064,0,45072,50,
45073,1,45174,55013,45169,612000,45172,612000,45170,0,45174,33,
45175,1,45270,209303,45267,1530000,45268,1530000,45268,0,45270,30,
45270,1,45368,188373,45367,1530000,45367,1530000,45367,0,45368,27,
45369,1,45477,72531,45469,637500,45474,637500,45474,0,45477,41,
45477,1,45572,418607,45569,1530000,45570,1530000,45570,0,45572,60,
45572,1,45674,0,45671,510000,45672,510000,45671,0,45674,0,
45674,1,45780,95529,45771,637500,45773,637500,45773,0,45780,54,
45780,1,45874,97675,45872,1530000,45872,1530000,45872,0,45874,14,
45874,1,45973,188373,45972,1530000,45972,1530000,45972,0,45973,27,
45973,1,46077,25557,46072,816000,46075,816000,46074,0,46077,10,
46077,1,46173,172290,46172,1734000,46173,1734000,46172,0,46173,20,
46173,1,46275,50469,46273,867000,46274,867000,46274,0,46275,18,
46275,1,46375,209303,46373,1530000,46374,1530000,46374,0,46375,30,
46375,1,46481,21228,46475,637500,46479,637500,46477,0,46481,12,
46481,1,46581,542714,46575,1734000,46578,1734000,46577,0,46581,63,
46581,1,46680,34700,46675,510000,46677,510000,46676,0,46680,27,
46680,1,46781,47031,46776,586500,46778,586500,46778,0,46781,30,
46781,1,46880,197277,46876,790500,46877,790500,46877,0,46879,81,
46812,1,46979,99856,46976,790500,46977,790500,46977,0,46979,41,
46880,1,47078,188373,47077,1530000,47078,1530000,47077,0,47078,27,
46979,1,47182,21228,47178,637500,47180,637500,47179,0,47182,12,
47078,1,47291,25704,47280,510000,47283,510000,47281,0,47291,20,
47182,1,47380,83721,47379,1530000,47380,1530000,47379,0,47380,12,
47292,1,47511,64276,47480,586500,47496,586500,47481,0,47511,41,
47380,1,47582,195350,47580,1530000,47581,1530000,47580,0,47582,28,
47511,1,47699,81376,47687,510000,47693,637500,47691,0,47698,46,
47583,1,47783,174420,47781,1530000,47782,1530000,47781,0,47782,25,
47699,1,47894,88453,47883,637500,47885,637500,47884,0,47894,50,
47783,1,47984,209303,47982,1530000,47982,1530000,47982,0,47984,30,
47894,1,48093,34700,48083,510000,48085,510000,48084,0,48092,27,
47984,1,48184,83721,48182,1530000,48183,1530000,48183,0,48184,12,
48093,1,48293,60308,48283,561000,48285,561000,48284,0,48292,41,
48184,1,48390,265118,48384,510000,48388,1530000,48387,0,48390,38,
48293,1,48489,286048,48487,1530000,48488,1530000,48488,0,48489,41,
48390,1,48589,113420,48586,1122000,48587,1122000,48587,0,48588,27,
48489,1,48705,37172,48690,535500,48693,535500,48692,0,48701,27,
48589,1,48791,348840,48789,1530000,48790,1530000,48789,0,48790,50,
48705,1,48903,38556,48890,510000,48898,510000,48894,0,48902,30,
48791,1,48992,83721,48990,1530000,48991,1530000,48990,0,48991,12,
48903,1,49097,72531,49091,637500,49094,637500,49093,0,49096,41,
48992,1,49207,73547,49192,561000,49200,561000,49199,0,49207,50,
49097,1,49297,46840,49292,663000,49294,663000,49293,0,49297,25,
49208,1,49397,93760,49393,637500,49394,637500,49393,0,49396,53,
49298,1,49509,369770,49503,1530000,49504,1530000,49504,0,49509,53,
49397,1,49594,113949,49593,1836000,49594,1836000,49594,0,49594,12,
49509,1,49696,188373,49694,1530000,49695,1530000,49695,0,49696,27,
49594,1,49798,174420,49794,1530000,49795,1530000,49795,0,49798,25,
49697,1,49908,14137,49895,510000,49902,510000,49899,0,49908,11,
49798,1,50002,88453,49998,637500,50000,637500,49999,0,50002,50,
49909,1,50102,251164,50100,1530000,50100,1530000,50100,0,50102,36,
50002,1,50219,48837,50200,510000,50204,510000,50203,0,50219,38,
50102,1,50301,113949,50300,1836000,50301,1836000,50300,0,50301,12,
50219,1,50403,978358,50401,2295000,50402,2295000,50402,0,50403,70,
50302,1,50501,1076194,50500,2295000,50501,2295000,50501,0,50501,77,
50403,1,50603,113420,50601,1122000,50602,1122000,50601,0,50603,27,
50501,1,50709,46267,50702,510000,50703,510000,50703,0,50709,36,
50603,1,50821,34700,50804,510000,50814,510000,50809,0,50820,27,
50709,1,50903,83721,50902,1530000,50902,1530000,50902,0,50903,12,
50822,1,51011,30007,51003,612000,51004,612000,51004,0,51010,18,
50903,1,51119,58005,51104,510000,51113,586500,51112,0,51118,37,
51011,1,51212,61830,51206,663000,51208,663000,51207,0,51211,33,
51120,1,51315,56437,51309,586500,51312,586500,51311,0,51314,36,
51213,1,51416,43896,51408,586500,51412,586500,51411,0,51415,28,
51315,1,51509,251164,51508,1530000,51508,1530000,51508,0,51509,36,
51416,1,51610,83721,51608,1530000,51608,1530000,51608,0,51609,12,
51509,1,51714,53071,51709,637500,51711,637500,51711,0,51713,30,
51610,1,51828,34700,51811,510000,51815,510000,51812,0,51825,27,
51714,1,51914,106143,51910,637500,51911,637500,51911,0,51914,60,
51828,1,52015,83088,52011,586500,52012,586500,52011,0,52015,53,
51914,1,52122,46267,52113,510000,52117,510000,52116,0,52121,36,
52015,1,52213,383724,52211,1530000,52212,1530000,52212,0,52212,55,
52123,1,52318,72531,52312,637500,52314,637500,52313,0,52317,41,
52213,1,52432,34700,52420,510000,52424,510000,52423,0,52431,27,
52318,1,52517,258141,52515,1530000,52516,1530000,52516,0,52517,37,
52433,1,52622,17690,52615,637500,52620,637500,52616,0,52622,10,
52518,1,52718,251164,52715,1530000,52716,1530000,52716,0,52717,36,
52622,1,52817,139536,52815,1530000,52816,1530000,52816,0,52817,20,
52718,1,52923,23133,52917,510000,52919,510000,52918,0,52922,18,
52817,1,53023,70762,53019,637500,53020,637500,53020,0,53023,40,
52923,1,53127,63686,53119,637500,53121,637500,53120,0,53126,36,
53023,1,53225,46267,53220,510000,53222,510000,53221,0,53224,36,
53128,1,53322,174420,53320,1530000,53321,1530000,53321,0,53322,25,
53225,1,53423,251164,53420,1530000,53421,1530000,53421,0,53423,36,
53322,1,53525,376747,53521,1530000,53522,1530000,53522,0,53524,54,
53423,1,53630,23133,53622,510000,53623,510000,53623,0,53629,18,
53525,1,53729,43577,53723,688500,53724,688500,53723,0,53728,22,
53631,1,53831,48541,53825,561000,53827,561000,53826,0,53831,33,
53729,1,53942,75018,53932,612000,53936,612000,53933,0,53942,45,
53832,1,54029,209303,54028,1530000,54028,1530000,54028,0,54029,30,
53943,1,54137,37172,54131,535500,54133,535500,54133,0,54136,27,
54029,1,54242,95529,54231,637500,54236,637500,54232,0,54241,54,
54137,1,54336,24232,54331,739500,54332,739500,54332,0,54336,11,
54242,1,54439,38919,54432,637500,54434,637500,54433,0,54439,22,
54337,1,54534,418607,54532,1530000,54533,1530000,54533,0,54534,60,
54439,1,54640,25704,54633,510000,54635,510000,54634,0,54640,20,
54534,1,54736,0,54733,1530000,54734,1530000,54733,0,54736,0,
54641,1,54835,279072,54833,1530000,54834,1530000,54834,0,54835,40,
54736,1,54943,56447,54934,510000,54939,535500,54935,0,54943,41,
54835,1,55039,47031,55035,637500,55036,586500,55036,0,55039,30,
54944,1,55138,279072,55135,1530000,55136,1530000,55136,0,55138,40,
55040,1,55245,58379,55238,637500,55240,637500,55239,0,55244,33,
55138,1,55341,56209,55336,663000,55338,663000,55337,0,55341,30,
55246,1,55446,42411,55437,510000,55440,510000,55439,0,55442,33,
55341,1,55542,418607,55538,1530000,55540,1530000,55539,0,55542,60,
55447,1,55639,880522,55638,2295000,55638,2295000,55638,0,55639,63,
55543,1,55743,53071,55739,637500,55740,637500,55740,0,55743,30,
55639,1,55844,20005,55840,612000,55841,612000,55841,0,55844,12,
55743,1,55943,36675,55940,612000,55941,612000,55940,0,55943,22,
55844,1,56043,118960,56040,739500,56041,739500,56041,0,56043,54,
55943,1,56154,70547,56141,586500,56145,586500,56144,0,56154,45,
56043,1,56248,79232,56241,688500,56243,688500,56243,0,56247,40,
56155,1,56346,85714,56342,714000,56344,714000,56343,0,56346,41,
56248,1,56451,230234,56443,510000,56446,1530000,56445,0,56451,33,
56346,1,56545,258141,56544,1530000,56544,1530000,56544,0,56545,37,
56451,1,56652,44128,56645,561000,56649,561000,56648,0,56652,30,
56545,1,56748,523260,56744,1530000,56747,1530000,56746,0,56748,75,
56652,1,56854,68350,56845,510000,56847,612000,56847,0,56853,41,
56748,1,56950,88453,56946,637500,56948,637500,56947,0,56950,50,
56854,1,57049,188373,57048,1530000,57048,1530000,57048,0,57049,27,
56950,1,57158,14137,57149,510000,57152,510000,57151,0,57155,11,
57049,1,57250,286048,57249,1530000,57249,1530000,57249,0,57250,41,
57159,1,57354,0,57350,586500,57351,586500,57351,0,57354,0,
57250,1,57460,64260,57451,510000,57454,510000,57452,0,57459,50,
57354,1,57559,418607,57557,1530000,57558,1530000,57558,0,57559,60,
57461,1,57670,68838,57656,535500,57661,535500,57660,0,57670,50,
57560,1,57758,306979,57756,1530000,57757,1530000,57757,0,57758,44,
57671,1,57858,209303,57856,1530000,57857,1530000,57857,0,57858,30,
57758,1,57969,39715,57959,561000,57962,561000,57961,0,57965,27,
57858,1,58069,58379,58061,637500,58065,637500,58064,0,58069,33,
57970,1,58163,279072,58161,1530000,58162,1530000,58162,0,58163,40,
58069,1,58274,34700,58261,510000,58263,510000,58262,0,58272,27,
58163,1,58363,230234,58361,1530000,58362,1530000,58362,0,58363,33,
58274,1,58464,0,58462,1530000,58462,1530000,58462,0,58464,0,
58363,1,58563,188373,58562,1530000,58562,1530000,58562,0,58563,27,
58464,1,58664,69768,58662,1530000,58663,1530000,58662,0,58664,10,
58563,1,58772,42411,58763,510000,58764,510000,58764,0,58770,33,
58664,1,58869,79607,58865,637500,58867,637500,58866,0,58869,45,
58772,1,58971,63686,58965,637500,58969,637500,58968,0,58971,36,
58869,1,59021,0,59018,1530000,59019,1530000,59019,0,59020,0,
58972,1,59176,39926,59172,535500,59174,535500,59173,0,59176,29,
59021,1,59273,64260,59269,510000,59271,510000,59270,0,59273,50,
59176,1,59383,59119,59370,510000,59374,510000,59373,0,59382,46,
59273,1,59470,132679,59420,637500,59422,637500,59421,0,59426,75,
59383,1,59572,503276,59571,1836000,59571,1836000,59571,0,59572,53,
59470,1,59681,50012,59672,510000,59679,612000,59677,0,59681,30,
59572,1,59726,137979,59722,714000,59724,714000,59723,0,59725,66,
59682,1,59831,52693,59825,637500,59828,510000,59826,0,59830,41,
59726,1,59934,68838,59926,535500,59930,535500,59928,0,59933,50,
59831,1,60031,369770,60028,1530000,60029,1530000,60029,0,60031,53,
59934,1,60128,125582,60127,1530000,60127,1530000,60127,0,60128,18,
60031,1,60233,50012,60228,612000,60230,612000,60229,0,60232,30,
60128,1,60331,313955,60329,1530000,60330,1530000,60330,0,60331,45,
60233,1,60438,34700,60431,510000,60433,510000,60433,0,60438,27,
60331,1,60533,430725,60530,1734000,60531,1734000,60531,0,60532,50,
60438,1,60637,25704,60631,510000,60633,510000,60632,0,60636,20,
60533,1,60735,81376,60731,637500,60733,637500,60732,0,60735,46,
60637,1,60837,52693,60833,510000,60834,510000,60834,0,60837,41,
60735,1,60933,76744,60932,1530000,60932,1530000,60932,0,60933,11,
60837,1,61039,102605,61035,637500,61037,637500,61036,0,61039,58,
60933,1,61142,90022,61133,612000,61138,612000,61136,0,61141,54,
61039,1,61235,76744,61233,1530000,61234,1530000,61234,0,61235,11,
61142,1,61341,77959,61334,561000,61336,561000,61335,0,61341,53,
61235,1,61442,45433,61436,535500,61439,535500,61437,0,61442,33,
61341,1,61540,432561,61536,1530000,61538,1530000,61537,0,61540,62,
61443,1,61641,22029,61637,739500,61638,739500,61638,0,61640,10,
61540,1,61748,63686,61740,637500,61742,637500,61741,0,61747,36,
61641,1,61848,55013,61840,612000,61843,612000,61842,0,61845,33,
61748,1,61944,38556,61940,510000,61941,510000,61940,0,61944,30,
61849,1,62047,106143,62040,637500,62042,637500,62041,0,62046,60,
61944,1,62152,88453,62141,637500,62145,637500,62144,0,62151,50,
62047,1,62259,39715,62248,637500,62251,561000,62250,0,62258,27,
62152,1,62342,0,62341,1836000,62341,1836000,62341,0,62342,0,
62259,1,62452,44982,62443,510000,62445,510000,62444,0,62451,35,
62342,1,62545,379038,62543,1734000,62544,1734000,62544,0,62545,44,
62453,1,62646,69768,62644,1530000,62645,1530000,62645,0,62646,10,
62545,1,62754,48837,62744,510000,62747,510000,62746,0,62753,38,
62646,1,62861,74541,62845,510000,62852,510000,62849,0,62860,58,
62754,1,62955,65455,62948,637500,62950,637500,62949,0,62952,37,
62861,1,63051,230234,63049,1530000,63050,1530000,63049,0,63051,33,
62955,1,63162,0,63150,510000,63154,510000,63152,0,63161,0,
63051,1,63255,79607,63250,637500,63252,637500,63251,0,63254,45,
63162,1,63358,53071,63351,637500,63352,637500,63351,0,63357,30,
63255,1,63461,14137,63451,510000,63454,510000,63452,0,63460,11,
63358,1,63552,348840,63551,1530000,63552,1530000,63551,0,63552,50,
63461,1,63658,0,63652,510000,63654,510000,63653,0,63658,0,
63552,1,63766,57834,63756,510000,63760,510000,63759,0,63765,45,
63659,1,63856,83721,63853,1530000,63855,1530000,63853,0,63856,12,
63767,1,63960,72531,63955,637500,63958,637500,63957,0,63960,41,
63856,1,64060,44226,64055,510000,64057,637500,64057,0,64060,25,
63961,1,64156,188373,64155,1530000,64155,1530000,64155,0,64156,27,
64060,1,64256,209303,64255,1530000,64255,1530000,64255,0,64256,30,
64156,1,64362,53071,64356,637500,64359,637500,64358,0,64361,30,
64256,1,64468,46267,64459,510000,64461,510000,64460,0,64465,36,
64362,1,64560,369770,64558,1530000,64559,1530000,64559,0,64560,53,
64468,1,64665,70762,64661,637500,64662,637500,64662,0,64664,40,
64560,1,64770,34700,64762,510000,64764,510000,64763,0,64770,27,
64665,1,64869,49533,64864,637500,64866,637500,64865,0,64869,28,
64771,1,64971,63686,64963,637500,64967,637500,64963,0,64970,36,
64869,1,65064,153489,65062,1530000,65063,1530000,65063,0,65064,22,
64971,1,65171,34700,65163,510000,65165,510000,65164,0,65168,27,
65064,1,65271,69400,65265,510000,65267,510000,65266,0,65270,54,
65172,1,65373,58379,65368,637500,65370,637500,65370,0,65373,33,
65271,1,65484,41303,65471,535500,65473,535500,65472,0,65481,30,
65373,1,65571,588739,65568,1836000,65569,1836000,65569,0,65571,62,
65484,1,65671,153489,65669,1530000,65670,1530000,65669,0,65671,22,
65571,1,65775,23133,65769,510000,65771,510000,65770,0,65774,18,
65671,1,65871,174420,65869,1530000,65870,1530000,65869,0,65871,25,
65778,1,65971,153489,65969,1530000,65970,1530000,65970,0,65971,22,
65871,1,66077,25704,66071,510000,66073,510000,66072,0,66076,20,
65971,1,66172,188373,66170,1530000,66171,1530000,66171,0,66172,27,
66078,1,66277,35381,66271,637500,66273,637500,66272,0,66276,20,
66172,1,66383,34700,66373,510000,66376,510000,66375,0,66383,27,
66277,1,66478,121776,66474,790500,66476,790500,66475,0,66478,50,
66384,1,66576,293025,66573,1530000,66574,1530000,66574,0,66575,42,
66478,1,66676,30007,66673,612000,66674,612000,66674,0,66676,18,
66576,1,66780,42411,66774,510000,66777,510000,66775,0,66780,33,
66676,1,66875,188373,66874,1530000,66874,1530000,66874,0,66875,27,
66781,1,66981,36675,66977,612000,66978,612000,66978,0,66980,22,
66875,1,67085,38556,67079,510000,67082,510000,67081,0,67085,30,
66981,1,67179,251164,67178,1530000,67178,1530000,67178,0,67179,36,
67088,1,67280,125582,67278,1530000,67279,1530000,67279,0,67279,18,
67179,1,67384,66683,67380,612000,67381,612000,67381,0,67384,40,
67280,1,67516,348840,67481,510000,67512,1530000,67511,0,67515,50,
67384,1,67582,306979,67580,1530000,67581,1530000,67581,0,67582,44,
67516,1,67689,44226,67681,637500,67683,637500,67682,0,67688,25,
67582,1,67783,174420,67781,1530000,67782,1530000,67782,0,67782,25,
67690,1,67887,88453,67882,637500,67884,637500,67883,0,67886,50,
67783,1,67988,162256,67983,765000,67985,765000,67985,0,67988,70,
67887,1,68088,65759,68083,790500,68084,790500,68084,0,68087,27,
67989,1,68194,61954,68184,535500,68191,535500,68186,0,68194,45,
68088,1,68303,73547,68289,561000,68294,561000,68293,0,68302,50,
68195,1,68387,153489,68386,1530000,68386,1530000,68386,0,68387,22,
68303,1,68513,313955,68488,586500,68508,1530000,68498,0,68513,45,
68387,1,68593,258141,68589,1530000,68591,1530000,68591,0,68593,37,
68513,1,68690,57988,68689,1224000,68689,1224000,68689,0,68690,12,
68593,1,68806,20563,68791,510000,68798,510000,68796,0,68803,16,
68690,1,68896,55462,68890,688500,68891,688500,68891,0,68896,28,
68807,1,68997,313955,68991,1530000,68993,1530000,68992,0,68995,45,
68897,1,69092,501217,69091,2014500,69091,2014500,69091,0,69092,45,
68998,1,69200,42328,69192,586500,69197,586500,69196,0,69200,27,
69092,1,69303,78385,69293,586500,69299,586500,69297,0,69302,50,
69201,1,69402,53071,69395,637500,69399,637500,69397,0,69402,30,
69303,1,69510,96691,69500,612000,69502,612000,69501,0,69509,58,
69402,1,69600,383724,69598,1530000,69599,1530000,69599,0,69600,55,
69510,1,69706,34700,69699,510000,69701,510000,69700,0,69705,27,
69600,1,69800,286048,69798,1530000,69799,1530000,69799,0,69800,41,
69707,1,69909,49563,69900,535500,69902,535500,69901,0,69908,36,
69800,1,70012,52693,70000,510000,70003,510000,70002,0,70012,41,
69909,1,70101,230234,70100,1530000,70100,1530000,70100,0,70101,33,
70012,1,70206,47031,70201,586500,70203,586500,70202,0,70205,30,
70101,1,70316,81376,70304,637500,70311,637500,70309,0,70315,46,
70207,1,70403,230234,70402,1530000,70402,1530000,70402,0,70403,33,
70316,1,70506,376747,70503,1530000,70503,1530000,70503,0,70505,54,
70404,1,70612,63349,70603,612000,70605,612000,70604,0,70612,38,
70507,1,70713,42411,70708,510000,70710,510000,70709,0,70713,33,
70612,1,70812,65455,70808,637500,70809,637500,70809,0,70812,37,
70714,1,70914,70762,70910,637500,70912,637500,70912,0,70914,40,
70812,1,71028,38556,71013,510000,71016,510000,71014,0,71026,30,
70915,1,71113,209303,71111,1530000,71112,1530000,71112,0,71113,30,
71028,1,71213,83721,71212,1530000,71212,1530000,71212,0,71213,12,
71113,1,71313,188373,71312,1530000,71313,1530000,71312,0,71313,27,
71213,1,71414,69768,71412,1530000,71413,1530000,71413,0,71414,10,
71314,1,71517,376747,71515,1530000,71516,1530000,71515,0,71517,54,
71414,1,71615,83721,71613,1530000,71613,1530000,71613,0,71615,12,
71517,1,71720,70762,71715,637500,71717,637500,71716,0,71719,40,
71615,1,71830,60015,71819,612000,71822,612000,71821,0,71830,36,
71720,1,71918,313955,71916,1530000,71917,1530000,71916,0,71918,45,
71831,1,72023,39192,72017,586500,72020,586500,72019,0,72023,25,
71918,1,72123,69400,72118,510000,72120,510000,72119,0,72123,54,
72024,1,72237,52693,72220,510000,72225,510000,72222,0,72237,41,
72123,1,72320,174420,72318,1530000,72319,1530000,72319,0,72320,25,
72237,1,72423,53071,72419,637500,72421,637500,72420,0,72423,30,
72320,1,72523,376747,72519,1530000,72520,1530000,72520,0,72522,54,
72423,1,72626,46267,72620,510000,72621,510000,72621,0,72626,36,
72523,1,72721,230234,72720,1530000,72720,1530000,72720,0,72721,33,
72626,1,72826,51734,72821,586500,72823,586500,72822,0,72825,33,
72721,1,72933,51408,72922,510000,72926,510000,72924,0,72933,40,
72827,1,73023,279072,73021,1530000,73022,1530000,73022,0,73023,40,
72933,1,73123,153489,73122,1530000,73122,1530000,73122,0,73123,22,
73023,1,73242,348840,73223,612000,73230,1530000,73224,0,73241,50,
73123,1,73324,209303,73322,1530000,73323,1530000,73323,0,73324,30,
73242,1,73431,61954,73424,535500,73428,535500,73427,0,73430,45,
73324,1,73529,502329,73525,1530000,73527,1530000,73526,0,73528,72,
73431,1,73581,0,73579,1836000,73580,1836000,73580,0,73581,0,
73529,1,73685,25704,73680,510000,73682,510000,73681,0,73685,20,
73581,1,73784,70762,73780,637500,73782,637500,73781,0,73784,40,
73689,1,73885,48541,73881,561000,73883,561000,73882,0,73885,33,
73784,1,73985,306979,73981,1530000,73982,1530000,73982,0,73983,44,
73885,1,74085,25704,74081,510000,74083,510000,74082,0,74085,20,
73985,1,74189,86187,74182,663000,74183,663000,74183,0,74188,46,
74088,1,74284,139536,74282,1530000,74283,1530000,74283,0,74284,20,
74189,1,74394,28218,74383,510000,74390,586500,74384,0,74393,18,
74284,1,74503,78385,74487,586500,74493,586500,74488,0,74502,50,
74394,1,74590,398823,74587,1836000,74588,1836000,74588,0,74590,42,
74512,1,74692,265118,74688,1530000,74689,1530000,74689,0,74692,38,
74590,1,74789,139536,74788,1530000,74789,1530000,74788,0,74789,20,
74692,1,74894,38919,74890,637500,74891,637500,74891,0,74893,22,
74790,1,74995,73547,74991,561000,74993,561000,74992,0,74995,50,
74894,1,75110,59119,75097,510000,75103,510000,75102,0,75109,46,
74996,1,75195,97675,75193,1530000,75194,1530000,75194,0,75195,14,
75110,1,75302,88453,75294,637500,75297,637500,75295,0,75302,50,
75195,1,75413,72114,75399,510000,75407,586500,75405,0,75412,46,
75303,1,75498,230234,75496,1530000,75497,1530000,75496,0,75498,33,
75413,1,75598,76744,75597,1530000,75597,1530000,75597,0,75598,11,
75498,1,75702,49563,75698,535500,75700,535500,75699,0,75702,36,
75598,1,75808,64260,75799,510000,75803,510000,75801,0,75807,50,
75703,1,75900,188373,75898,1530000,75899,1530000,75898,0,75900,27,
75811,1,76005,0,76000,637500,76002,637500,76001,0,76004,0,
75900,1,76111,36675,76101,612000,76103,612000,76102,0,76110,22,
76005,1,76202,153489,76200,1530000,76201,1530000,76201,0,76202,22,
76112,1,76308,70762,76301,637500,76305,637500,76304,0,76308,40,
76202,1,76407,50012,76402,612000,76404,612000,76403,0,76407,30,
76309,1,76504,83721,76502,1530000,76503,1530000,76502,0,76503,12,
76408,1,76604,125582,76603,1530000,76603,1530000,76603,0,76604,18,
76504,1,76705,53155,76703,1224000,76704,1224000,76704,0,76705,11,
76604,1,76813,55070,76806,535500,76808,535500,76807,0,76812,40,
76705,1,76919,64260,76905,510000,76911,510000,76909,0,76918,50,
76813,1,77013,84313,77008,663000,77010,663000,77009,0,77012,45,
76920,1,77112,44128,77107,561000,77109,561000,77109,0,77111,30,
77013,1,77218,51408,77210,510000,77212,510000,77211,0,77218,40,
77112,1,77310,284873,77309,1836000,77310,1836000,77309,0,77310,30,
77218,1,77420,52317,77411,535500,77413,535500,77413,0,77416,38,
77310,1,77515,488375,77512,1530000,77513,1530000,77513,0,77515,70,
77420,1,77612,94759,77611,1734000,77612,1734000,77611,0,77612,11,
77515,1,77713,139536,77712,1530000,77712,1530000,77712,0,77713,20,
77612,1,77820,45011,77813,612000,77814,612000,77814,0,77816,27,
77713,1,77922,83354,77916,612000,77919,612000,77918,0,77922,50,
77820,1,78014,209303,78013,1530000,78013,1530000,78013,0,78014,30,
77922,1,78120,64276,78114,586500,78118,586500,78115,0,78120,41,
78014,1,78228,46267,78216,510000,78222,510000,78220,0,78224,36,
78121,1,78318,153489,78316,1530000,78317,1530000,78317,0,78318,22,
78228,1,78420,209303,78417,1530000,78419,1530000,78418,0,78420,30,
78318,1,78519,208373,78517,1938000,78518,1938000,78518,0,78519,20,
78421,1,78620,139536,78618,1530000,78619,1530000,78619,0,78620,20,
78519,1,78722,35381,78719,637500,78720,637500,78720,0,78722,20,
78620,1,78826,14137,78819,510000,78821,510000,78820,0,78825,11,
78722,1,78924,93681,78920,663000,78921,663000,78921,0,78923,50,
78826,1,79024,44226,79020,637500,79021,637500,79021,0,79023,25,
78924,1,79122,188373,79120,1530000,79121,1530000,79120,0,79121,27,
79024,1,79228,34700,79221,510000,79223,510000,79222,0,79227,27,
79122,1,79327,73547,79322,561000,79323,561000,79323,0,79326,50,
79229,1,79424,125582,79422,1530000,79422,1530000,79422,0,79424,18,
79327,1,79526,348840,79522,1530000,79524,1530000,79523,0,79526,50,
79424,1,79625,93684,79623,994500,79624,994500,79623,0,79625,27,
79526,1,79725,279072,79723,1530000,79724,1530000,79723,0,79725,40,
79625,1,79839,42411,79825,510000,79834,510000,79832,0,79839,33,
79725,1,79932,36773,79926,561000,79930,561000,79928,0,79932,25,
79840,1,80033,88355,80026,612000,80030,612000,80029,0,80032,53,
79933,1,80134,46267,80127,510000,80128,510000,80128,0,80134,36,
80033,1,80228,306979,80226,1530000,80227,1530000,80227,0,80228,44,
80135,1,80333,88453,80328,637500,80331,637500,80330,0,80333,50,
80228,1,80433,1071363,80429,2193000,80430,2193000,80429,0,80432,83,
80333,1,80530,1118124,80529,2295000,80529,2295000,80529,0,80530,80,
80433,1,80630,573038,80629,2295000,80630,2295000,80629,0,80630,41,
80530,1,80731,69768,80730,1530000,80730,1530000,80730,0,80731,10,
80630,1,80834,88453,80831,637500,80832,637500,80832,0,80834,50,
80731,1,80935,58005,80931,586500,80933,586500,80932,0,80935,37,
80835,1,81034,125582,81031,1530000,81032,1530000,81031,0,81034,18,
80936,1,81133,139536,81131,1530000,81132,1530000,81132,0,81133,20,
81034,1,81233,188373,81231,1530000,81232,1530000,81232,0,81233,27,
81133,1,81346,75018,81333,612000,81334,612000,81333,0,81345,45,
81233,1,81435,313955,81432,1530000,81434,1530000,81434,0,81435,45,
81346,1,81535,230234,81534,1530000,81534,1530000,81534,0,81535,33,
81435,1,81640,51114,81637,816000,81638,816000,81638,0,81640,20,
81535,1,81739,139536,81738,1530000,81738,1530000,81738,0,81739,20,
81640,1,81842,195350,81839,1530000,81840,1530000,81840,0,81841,28,
81739,1,81944,12852,81940,510000,81941,510000,81941,0,81943,10,
81842,1,82041,188373,82040,1530000,82040,1530000,82040,0,82041,27,
81944,1,82148,60015,82141,612000,82142,612000,82141,0,82148,36,
82041,1,82256,48837,82242,510000,82250,510000,82243,0,82253,38,
82149,1,82342,293025,82341,1530000,82341,1530000,82341,0,82342,42,
82257,1,82446,75018,82442,612000,82443,612000,82443,0,82445,45,
82342,1,82554,79607,82547,637500,82549,637500,82548,0,82552,45,
82448,1,82652,46840,82647,663000,82649,663000,82648,0,82651,25,
82554,1,82754,68979,82750,586500,82751,586500,82751,0,82753,44,
82652,1,82861,72114,82851,586500,82855,586500,82853,0,82861,46,
82754,1,82955,73290,82951,688500,82953,688500,82952,0,82955,37,
82864,1,83054,251164,83051,1530000,83053,1530000,83052,0,83054,36,
82956,1,83163,34700,83153,510000,83159,510000,83156,0,83162,27,
83054,1,83257,93681,83253,663000,83254,663000,83254,0,83257,50,
83163,1,83360,50012,83356,612000,83358,612000,83357,0,83360,30,
83257,1,83464,59119,83457,510000,83459,510000,83458,0,83464,46,
83360,1,83558,439538,83556,1530000,83557,1530000,83557,0,83558,63,
83464,1,83661,209303,83659,1530000,83659,1530000,83659,0,83661,30,
83558,1,83760,232591,83759,1734000,83759,1734000,83759,0,83760,27,
83661,1,83860,94957,83859,1836000,83859,1836000,83859,0,83860,10,
83760,1,83963,53071,83960,637500,83961,637500,83961,0,83963,30,
83860,1,84067,68350,84060,612000,84062,612000,84061,0,84067,41,
83964,1,84167,70762,84161,637500,84163,637500,84162,0,84166,40,
84069,1,84269,93760,84261,637500,84263,637500,84262,0,84266,53,
84167,1,84374,52693,84362,510000,84367,510000,84365,0,84373,41,
84269,1,84471,57834,84465,510000,84468,510000,84466,0,84470,45,
84375,1,84568,460468,84564,1530000,84566,1530000,84565,0,84567,66,
84471,1,84673,52693,84664,510000,84665,510000,84665,0,84672,41,
84568,1,84772,93760,84764,637500,84766,637500,84765,0,84772,53,
84673,1,84871,49533,84865,637500,84867,637500,84866,0,84870,28,
84772,1,84978,52693,84965,510000,84971,510000,84970,0,84977,41,
84871,1,85067,251164,85066,1530000,85066,1530000,85066,0,85067,36,
84978,1,85170,209303,85168,1530000,85169,1530000,85168,0,85170,30,
85068,1,85270,230234,85268,1530000,85269,1530000,85269,0,85270,33,
85170,1,85370,69768,85368,1530000,85369,1530000,85368,0,85370,10,
85271,1,85473,31354,85469,586500,85471,586500,85470,0,85473,20,
85370,1,85573,460468,85569,1530000,85570,1530000,85570,0,85573,66,
85473,1,85670,258435,85669,1734000,85670,1734000,85669,0,85670,30,
85573,1,85777,32130,85770,510000,85773,510000,85772,0,85777,25,
85670,1,85821,174420,85820,1530000,85820,1530000,85820,0,85821,25,
85777,1,85922,139536,85920,1530000,85921,1530000,85921,0,85922,20,
85821,1,86034,23133,86021,510000,86023,510000,86022,0,86032,18,
85922,1,86125,74300,86122,637500,86123,637500,86123,0,86125,42,
86034,1,86231,57824,86222,535500,86224,535500,86223,0,86230,42,
86125,1,86330,83623,86323,714000,86327,714000,86326,0,86330,40,
86231,1,86431,68350,86423,612000,86425,612000,86424,0,86431,41,
86330,1,86531,99040,86523,688500,86525,688500,86524,0,86530,50,
86432,1,86625,153489,86623,1530000,86624,1530000,86624,0,86625,22,
86531,1,86733,58379,86725,637500,86730,637500,86729,0,86732,33,
86625,1,86829,397677,86826,1530000,86827,1530000,86827,0,86829,57,
86733,1,86937,32130,86929,510000,86932,510000,86930,0,86936,25,
86829,1,87032,73351,87028,612000,87029,612000,87028,0,87032,44,
86938,1,87130,139536,87128,1530000,87129,1530000,87129,0,87130,20,
87032,1,87240,38556,87231,510000,87233,510000,87232,0,87239,30,
87130,1,87332,279072,87331,1530000,87331,1530000,87331,0,87332,40,
87240,1,87432,125582,87431,1530000,87431,1530000,87431,0,87432,18,
87332,1,87533,139536,87531,1530000,87532,1530000,87532,0,87533,20,
87433,1,87640,25704,87632,510000,87634,510000,87634,0,87640,20,
87533,1,87740,108671,87733,663000,87734,663000,87734,0,87740,58,
87640,1,87836,97675,87833,1530000,87834,1530000,87834,0,87835,14,
87740,1,87934,174420,87933,1530000,87933,1530000,87933,0,87934,25,
87836,1,88035,69768,88033,1530000,88034,1530000,88034,0,88035,10,
87934,1,88135,76744,88134,1530000,88134,1530000,88134,0,88135,11,
88035,1,88240,51734,88236,586500,88237,586500,88237,0,88240,33,
88135,1,88339,251164,88336,1530000,88337,1530000,88337,0,88338,36,
88240,1,88443,26476,88437,561000,88439,561000,88438,0,88443,18,
88339,1,88540,348840,88538,1530000,88539,1530000,88539,0,88540,50,
88443,1,88646,17244,88639,586500,88640,586500,88640,0,88643,11,
88540,1,88741,383724,88739,1530000,88740,1530000,88739,0,88740,55,
88647,1,88841,230234,88839,1530000,88840,1530000,88839,0,88840,33,
88741,1,88946,44226,88940,637500,88942,637500,88941,0,88946,25,
88841,1,89050,46267,89041,510000,89044,510000,89043,0,89049,36,
88946,1,89142,0,89141,1530000,89141,1530000,89141,0,89142,0,
89051,1,89256,48837,89242,510000,89244,510000,89243,0,89256,38,
89142,1,89351,58379,89346,637500,89349,637500,89348,0,89351,33,
89256,1,89444,348840,89442,1530000,89443,1530000,89443,0,89444,50,
89351,1,89544,188373,89543,1530000,89543,1530000,89543,0,89544,27,
89444,1,89646,39653,89643,739500,89645,739500,89644,0,89646,18,
89544,1,89758,34700,89746,510000,89750,510000,89748,0,89757,27,
89647,1,89853,38919,89847,637500,89849,637500,89848,0,89853,22,
89759,1,89948,258141,89946,1530000,89947,1530000,89947,0,89948,37,
89853,1,90059,53978,90048,510000,90054,510000,90053,0,90058,42,
89948,1,90150,0,90148,1530000,90149,1530000,90148,0,90149,0,
90059,1,90253,53071,90249,637500,90251,637500,90250,0,90253,30,
90150,1,90361,88453,90350,637500,90355,637500,90352,0,90361,50,
90253,1,90451,209303,90450,1530000,90450,1530000,90450,0,90451,30,
90362,1,90554,626722,90551,1836000,90551,1836000,90551,0,90552,66,
90451,1,90663,30007,90651,510000,90657,612000,90653,0,90662,18,
90554,1,90752,209303,90751,1530000,90752,1530000,90751,0,90752,30,
90663,1,90856,35654,90852,688500,90854,688500,90853,0,90855,18,
90752,1,90954,83721,90952,1530000,90953,1530000,90953,0,90954,12,
90856,1,91064,46267,91053,510000,91060,510000,91058,0,91063,36,
90954,1,91154,174420,91153,1530000,91153,1530000,91153,0,91154,25,
91067,1,91261,53071,91254,637500,91255,637500,91255,0,91260,30,
91154,1,91368,88453,91355,510000,91358,637500,91356,0,91362,50,
91261,1,91458,61683,91455,739500,91456,739500,91455,0,91458,28,
91369,1,91559,397677,91556,1530000,91557,1530000,91557,0,91559,57,
91458,1,91663,0,91657,612000,91658,612000,91658,0,91663,0,
91559,1,91762,43577,91759,688500,91760,688500,91760,0,91762,22,
91663,1,91867,47031,91861,586500,91862,586500,91861,0,91866,30,
91762,1,91972,25704,91965,510000,91967,510000,91966,0,91971,20,
91869,1,92063,306979,92061,1530000,92061,1530000,92061,0,92063,44,
91972,1,92175,60308,92162,561000,92169,561000,92163,0,92174,41,
92063,1,92271,58379,92263,637500,92264,637500,92264,0,92270,33,
92175,1,92370,66192,92363,561000,92365,561000,92364,0,92368,45,
92271,1,92476,72531,92467,637500,92470,637500,92469,0,92475,41,
92370,1,92566,230234,92565,1530000,92566,1530000,92565,0,92566,33,
92476,1,92674,52693,92669,510000,92671,510000,92670,0,92673,41,
92567,1,92778,51408,92768,510000,92775,510000,92773,0,92777,40,
92674,1,92871,73290,92868,688500,92869,688500,92869,0,92871,37,
92778,1,92973,79607,92969,637500,92971,637500,92970,0,92973,45,
92872,1,93082,35381,93072,510000,93077,637500,93074,0,93080,20,
92974,1,93172,279072,93170,1530000,93171,1530000,93171,0,93172,40,
93082,1,93280,34700,93271,510000,93277,510000,93272,0,93279,27,
93172,1,93381,28274,93372,510000,93374,510000,93373,0,93380,22,
93280,1,93473,139536,93471,1530000,93472,1530000,93472,0,93473,20,
93382,1,93573,153489,93572,1530000,93572,1530000,93572,0,93573,22,
93473,1,93679,32360,93673,561000,93676,561000,93675,0,93678,22,
93573,1,93780,59119,93773,510000,93775,510000,93774,0,93780,46,
93679,1,93881,58379,93874,637500,93876,637500,93875,0,93880,33,
93781,1,93980,58379,93974,637500,93977,637500,93976,0,93980,33,
93881,1,94084,34700,94076,510000,94080,510000,94078,0,94083,27,
93981,1,94176,195350,94175,1530000,94175,1530000,94175,0,94176,28,
94084,1,94278,244187,94276,1530000,94277,1530000,94277,0,94278,35,
94176,1,94392,55013,94380,612000,94382,612000,94381,0,94391,33,
94278,1,94497,61830,94480,663000,94481,663000,94481,0,94496,33,
94392,1,94582,284873,94580,1836000,94581,1836000,94580,0,94581,30,
94497,1,94688,34700,94682,510000,94684,510000,94683,0,94687,27,
94582,1,94788,74945,94782,663000,94783,663000,94783,0,94787,40,
94688,1,94886,369770,94882,1530000,94883,1530000,94883,0,94885,53,
94788,1,94990,42411,94983,510000,94985,510000,94984,0,94987,33,
94886,1,95089,124791,95083,688500,95084,688500,95084,0,95088,63,
94991,1,95187,279072,95185,1530000,95186,1530000,95185,0,95187,40,
95089,1,95295,23133,95284,510000,95291,510000,95289,0,95294,18,
95187,1,95387,209303,95384,1530000,95386,1530000,95384,0,95387,30,
95296,1,95494,188373,95490,1530000,95493,1530000,95492,0,95494,27,
95387,1,95590,209303,95588,1530000,95588,1530000,95588,0,95590,30,
95494,1,95691,139536,95688,1530000,95689,1530000,95689,0,95690,20,
95591,1,95800,34700,95791,510000,95794,510000,95793,0,95799,27,
95691,1,95891,153489,95889,1530000,95890,1530000,95890,0,95891,22,
95801,1,95996,18337,95991,612000,95992,612000,95992,0,95995,11,
95891,1,96095,103469,96091,586500,96093,586500,96092,0,96095,66,
95996,1,96192,251164,96191,1530000,96192,1530000,96191,0,96192,36,
96095,1,96297,45433,96292,535500,96294,535500,96293,0,96297,33,
96192,1,96410,68838,96397,510000,96400,535500,96398,0,96409,50,
96297,1,96495,174420,96493,1530000,96493,1530000,96493,0,96495,25,
96411,1,96602,320932,96598,1530000,96599,1530000,96599,0,96601,46,
96495,1,96700,46208,96698,1122000,96699,1122000,96698,0,96700,11,
96602,1,96803,31843,96797,637500,96800,637500,96799,0,96802,18,
96700,1,96903,50588,96899,663000,96901,663000,96900,0,96903,27,
96803,1,97005,35985,97000,510000,97002,510000,97001,0,97004,28,
96903,1,97115,34700,97102,510000,97108,510000,97106,0,97112,27,
97005,1,97202,174420,97201,1530000,97201,1530000,97201,0,97202,25,
97116,1,97310,88453,97302,637500,97303,637500,97303,0,97310,50,
97202,1,97408,57834,97402,510000,97404,510000,97404,0,97408,45,
97311,1,97505,558144,97502,1530000,97503,1530000,97503,0,97505,80,
97412,1,97607,31843,97603,637500,97604,637500,97603,0,97607,18,
97505,1,97707,279072,97703,1530000,97704,1530000,97704,0,97706,40,
97607,1,97807,188373,97804,1530000,97805,1530000,97804,0,97806,27,
97708,1,97906,209303,97904,1530000,97905,1530000,97905,0,97906,30,
97807,1,98006,188373,98004,1530000,98005,1530000,98005,0,98006,27,
97906,1,98109,320932,98105,1530000,98108,1530000,98107,0,98109,46,
98006,1,98212,25704,98206,510000,98207,510000,98206,0,98211,20,
98109,1,98308,251164,98307,1530000,98307,1530000,98307,0,98308,36,
98212,1,98413,62708,98408,586500,98410,586500,98409,0,98412,40,
98308,1,98521,90866,98511,535500,98513,535500,98513,0,98519,66,
98413,1,98610,139536,98608,1530000,98609,1530000,98608,0,98610,20,
98521,1,98711,188373,98709,1530000,98710,1530000,98710,0,98711,27,
98610,1,98813,35381,98810,637500,98811,637500,98810,0,98813,20,
98711,1,98920,64260,98911,510000,98913,510000,98912,0,98919,50,
98814,1,99011,153489,99010,1530000,99010,1530000,99010,0,99011,22,
98920,1,99113,139536,99110,1530000,99111,1530000,99111,0,99113,20,
99012,1,99220,25704,99211,510000,99213,510000,99212,0,99217,20,
99113,1,99314,769159,99312,1836000,99313,1836000,99312,0,99314,81,
99220,1,99413,774479,99412,2193000,99412,2193000,99412,0,99413,60,
99314,1,99519,90927,99513,586500,99515,586500,99514,0,99517,58,
99413,1,99615,341848,99613,1836000,99613,1836000,99613,0,99615,36,
99519,1,99720,85714,99716,714000,99718,714000,99717,0,99720,41,
99615,1,99823,52953,99817,561000,99820,561000,99819,0,99823,36,
99720,1,99917,398823,99916,1836000,99916,1836000,99916,0,99917,42,
99824,1,100022,25704,100017,510000,100018,510000,100017,0,100022,20,
99917,1,100123,83088,100118,586500,100120,586500,100119,0,100122,53,
100022,1,100224,58379,100219,637500,100221,637500,100220,0,100223,33,
100123,1,100330,73547,100320,561000,100323,561000,100321,0,100330,50,
100224,1,100424,73290,100421,688500,100422,688500,100421,0,100424,37,
100331,1,100525,851927,100522,2193000,100523,2193000,100523,0,100525,66,
100424,1,100632,42411,100625,510000,100628,510000,100627,0,100631,33,
100525,1,100725,209303,100722,1530000,100723,1530000,100723,0,100724,30,
100632,1,100827,61917,100823,637500,100824,637500,100824,0,100827,35,
100725,1,100929,64260,100923,510000,100926,510000,100925,0,100929,50,
100828,1,101025,251164,101023,1530000,101024,1530000,101024,0,101025,36,
100933,1,101132,70762,101127,637500,101130,637500,101128,0,101132,40,
101025,1,101240,77112,101231,510000,101235,510000,101233,0,101240,60,
101132,1,101331,153489,101329,1530000,101330,1530000,101329,0,101331,22,
101241,1,101435,68838,101430,535500,101432,535500,101431,0,101435,50,
101331,1,101533,502329,101530,1530000,101531,1530000,101531,0,101532,72,
101436,1,101635,12852,101631,510000,101633,510000,101632,0,101635,10,
101533,1,101741,96691,101733,612000,101734,612000,101734,0,101740,58,
101635,1,101841,23535,101834,561000,101837,561000,101836,0,101840,16,
101741,1,101951,68115,101940,510000,101942,510000,101941,0,101951,53,
101841,1,101993,104529,101990,714000,101991,714000,101991,0,101993,50,
101952,1,102091,125582,102089,1530000,102090,1530000,102090,0,102091,18,
101993,1,102194,118848,102191,688500,102192,688500,102192,0,102194,60,
102091,1,102300,52693,102291,510000,102294,510000,102293,0,102299,41,
102194,1,102404,51408,102392,535500,102401,510000,102398,0,102404,40,
102300,1,102493,258141,102491,1530000,102492,1530000,102492,0,102493,37,
102405,1,102593,76744,102592,1530000,102592,1530000,102592,0,102593,11,
102493,1,102701,29418,102693,561000,102694,561000,102694,0,102701,20,
102593,1,102807,59119,102796,510000,102800,510000,102799,0,102806,46,
102701,1,102901,73351,102894,612000,102898,612000,102897,0,102900,44,
102807,1,102995,279072,102994,1530000,102995,1530000,102994,0,102995,40,
102901,1,103102,32130,103095,561000,103098,510000,103097,0,103102,25,
102996,1,103202,65455,103198,637500,103199,637500,103199,0,103202,37,
103102,1,103305,42328,103300,586500,103302,586500,103302,0,103304,27,
103202,1,103409,70547,103400,586500,103402,586500,103402,0,103406,45,
103305,1,103504,523260,103500,1530000,103502,1530000,103501,0,103503,75,
103409,1,103603,139536,103601,1530000,103602,1530000,103602,0,103603,20,
103505,1,103703,83721,103701,1530000,103702,1530000,103701,0,103703,12,
103603,1,103814,38556,103802,510000,103805,510000,103804,0,103813,30,
103703,1,103905,83721,103903,1530000,103904,1530000,103903,0,103905,12,
103814,1,104005,188373,104002,1530000,104003,1530000,104003,0,104005,27,
103905,1,104112,76686,104104,612000,104106,612000,104105,0,104112,46,
104006,1,104214,57834,104204,510000,104206,510000,104205,0,104213,45,
104112,1,104306,348840,104304,1530000,104305,1530000,104305,0,104306,50,
104215,1,104412,79607,104405,637500,104409,637500,104407,0,104412,45,
104306,1,104518,293025,104507,1530000,104508,1530000,104507,0,104518,42,
104413,1,104615,344580,104605,1734000,104610,1734000,104606,0,104614,40,
104518,1,104707,171046,104705,1632000,104706,1632000,104706,0,104707,22,
104615,1,104815,50012,104807,612000,104810,612000,104809,0,104815,30,
104707,1,104908,188373,104907,1530000,104907,1530000,104907,0,104908,27,
104815,1,105015,51734,105009,586500,105012,586500,105010,0,105015,33,
104908,1,105114,68979,105109,586500,105111,586500,105110,0,105114,44,
105016,1,105211,188373,105209,1530000,105210,1530000,105210,0,105211,27,
105114,1,105311,0,105309,1530000,105310,1530000,105310,0,105311,0,
105211,1,105411,215362,105410,1734000,105410,1734000,105410,0,105411,25,
105311,1,105520,418607,105511,637500,105517,1530000,105516,0,105520,60,
105411,1,105613,139536,105611,1530000,105612,1530000,105611,0,105613,20,
105520,1,105716,153489,105711,1530000,105712,1530000,105712,0,105713,22,
105613,1,105813,188373,105811,1530000,105812,1530000,105812,0,105813,27,
105716,1,105930,34700,105913,510000,105919,510000,105917,0,105928,27,
105813,1,106020,79607,106013,637500,106017,637500,106016,0,106020,45,
105930,1,106118,88453,106113,637500,106115,637500,106115,0,106118,50,
106020,1,106230,52693,106214,510000,106221,510000,106219,0,106229,41,
106118,1,106315,230234,106314,1530000,106314,1530000,106314,0,106315,33,
106230,1,106419,88453,106415,586500,106417,637500,106416,0,106419,50,
106315,1,106535,376747,106519,1530000,106530,1530000,106525,0,106534,54,
106419,1,106628,132941,106618,1836000,106620,1836000,106620,0,106627,14,
106535,1,106719,139947,106717,1632000,106718,1632000,106718,0,106719,18,
106629,1,106828,348840,106820,1530000,106822,1530000,106822,0,106827,50,
106719,1,106922,379831,106920,1836000,106921,1836000,106921,0,106922,40,
106811,1,107029,17651,107021,561000,107023,561000,107022,0,107028,12,
106828,1,107124,418607,107122,1530000,107122,1530000,107122,0,107124,60,
106922,1,107224,427310,107222,1836000,107223,1836000,107223,0,107224,45,
107029,1,107327,759663,107323,1836000,107324,1836000,107324,0,107326,80,
107124,1,107425,880522,107423,2295000,107424,2295000,107424,0,107424,63,
107224,1,107525,614968,107524,2295000,107524,2295000,107524,0,107525,44,
107327,1,107626,614968,107624,2295000,107624,2295000,107624,0,107625,44,
107425,1,107725,1397655,107724,2295000,107724,2295000,107724,0,107725,100,
107525,1,107826,1397655,107825,2295000,107825,2295000,107825,0,107826,100,
107626,1,,,,,,,,,,,
107725,1,,,,,,,,,,,
107826,1,,,,,,,,,,,
,,,,,,,,,,,,

System Statistics:
Sensor Id,Name,Type,Average
206,"Battery Status",Battery Status,1.0
332,"Battery Power*",Power [uW],169170.8269767442
1000,"CPU1 Frequency",CPU Frequency [kHz],1074913.953488372
1001,"CPU2 Frequency",CPU Frequency [kHz],1084995.3488372094
1096,"CPU1 Load",CPU Load [%],0.0
1097,"CPU2 Load",CPU Load [%],32.77860465116279


